AVERAGE of exchange_rate,effective_date - Year-Month,,,,,,,,,,,,,,,,,,,,,,,,,,,,,,
from_currency,2024-01,2024-02,2024-03,2024-04,2024-05,2024-06,2024-07,2024-08,2024-09,2024-10,2024-11,2024-12,2025-01,2025-02,2025-03,2025-04,2025-05,2025-06,2025-07,2025-08,2025-09,2025-10,2025-11,2025-12,2026-01,2026-02,2026-03,2026-04,2026-05,2026-06,2026-07
AED,0.27230,0.27230,0.27245,0.27232,0.27229,0.27229,0.27230,0.27229,0.27229,0.27229,0.27229,0.27229,0.27229,0.27229,0.27230,0.27228,0.27228,0.27231,0.27228,0.27229,0.27231,0.27231,0.27230,0.27232,0.27231,0.27230,0.27229,0.27230,0.27230,0.27231,0.27233
AUD,0.66500,0.65287,0.65553,0.65071,0.66259,0.66399,0.66785,0.66538,0.67714,0.67102,0.65320,0.63322,0.62260,0.63015,0.62947,0.62912,0.64391,0.64967,0.65433,0.64988,0.65933,0.65397,0.65102,0.66489,0.67774,0.70573,0.70134,0.70820,0.71850,0.70198,0.69668
BRL,0.20390,0.20153,0.20075,0.19529,0.19481,0.18567,0.18061,0.18013,0.18051,0.17816,0.17178,0.16363,0.16555,0.17342,0.17308,0.17287,0.17645,0.18029,0.18095,0.18358,0.18636,0.18545,0.18720,0.18304,0.18702,0.19218,0.19080,0.19850,0.20033,0.19488,0.19526
CAD,0.74572,0.74132,0.73853,0.73135,0.73166,0.72980,0.72940,0.73179,0.73835,0.72725,0.71557,0.70173,0.69457,0.69930,0.69634,0.71576,0.72164,0.73115,0.73091,0.72487,0.72289,0.71480,0.71198,0.72534,0.72564,0.73274,0.72930,0.72632,0.72880,0.71209,0.70857
CHF,1.16569,1.14098,1.12581,1.09934,1.09989,1.11824,1.12131,1.16569,1.18082,1.16146,1.13550,1.12205,1.09926,1.10640,1.13084,1.20080,1.20639,1.22887,1.25357,1.24157,1.25536,1.25445,1.24484,1.25590,1.26527,1.29440,1.27173,1.26877,1.27740,1.24990,1.23479
CLP,0.00110,0.00104,0.00103,0.00104,0.00109,0.00108,0.00107,0.00107,0.00108,0.00107,0.00103,0.00102,0.00100,0.00104,0.00107,0.00104,0.00106,0.00107,0.00105,0.00104,0.00104,0.00105,0.00107,0.00109,0.00113,0.00116,0.00110,0.00112,0.00111,0.00110,0.00107
CNY,0.14078,0.13963,0.13887,0.13819,0.13837,0.13790,0.13778,0.13995,0.14138,0.14101,0.13884,0.13735,0.13693,0.13774,0.13792,0.13712,0.13851,0.13923,0.13946,0.13940,0.14036,0.14047,0.14076,0.14195,0.14342,0.14471,0.14503,0.14622,0.14705,0.14760,0.14756
DKK,0.14635,0.14479,0.14573,0.14375,0.14490,0.14428,0.14545,0.14767,0.14891,0.14614,0.14251,0.14048,0.13873,0.13961,0.14463,0.15058,0.15123,0.15449,0.15665,0.15609,0.15720,0.15596,0.15484,0.15685,0.15706,0.15833,0.15475,0.15643,0.15631,0.15398,0.15280
EUR,1.09122,1.07931,1.08659,1.07229,1.08096,1.07613,1.08515,1.10178,1.11083,1.09004,1.06280,1.04774,1.03499,1.04140,1.07887,1.12402,1.12815,1.15237,1.16898,1.16499,1.17333,1.16463,1.15629,1.17150,1.17323,1.18271,1.15621,1.16894,1.16798,1.15089,1.14218
GBP,1.27088,1.26316,1.27071,1.25140,1.26328,1.27076,1.28688,1.29442,1.32194,1.30547,1.27497,1.26426,1.23488,1.25291,1.28955,1.31504,1.33664,1.35591,1.35032,1.34543,1.35017,1.33692,1.31478,1.33925,1.35162,1.35859,1.33413,1.34408,1.34910,1.33235,1.33824
HKD,0.12794,0.12785,0.12783,0.12770,0.12803,0.12804,0.12805,0.12827,0.12836,0.12870,0.12854,0.12865,0.12847,0.12849,0.12865,0.12882,0.12819,0.12742,0.12740,0.12778,0.12846,0.12862,0.12858,0.12853,0.12828,0.12795,0.12777,0.12766,0.12767,0.12760,0.12754
INR,0.01203,0.01205,0.01204,0.01199,0.01200,0.01198,0.01196,0.01192,0.01193,0.01190,0.01185,0.01177,0.01160,0.01150,0.01155,0.01169,0.01174,0.01164,0.01162,0.01142,0.01133,0.01132,0.01125,0.01111,0.01102,0.01102,0.01078,0.01071,0.01048,0.01054,0.01044
JPY,0.00685,0.00669,0.00668,0.00650,0.00642,0.00633,0.00634,0.00684,0.00699,0.00668,0.00652,0.00650,0.00639,0.00659,0.00671,0.00694,0.00691,0.00692,0.00680,0.00678,0.00676,0.00662,0.00645,0.00641,0.00638,0.00645,0.00630,0.00628,0.00632,0.00622,0.00616
NZD,0.61789,0.61284,0.60776,0.59562,0.60662,0.61322,0.60347,0.60837,0.62264,0.60833,0.59134,0.57458,0.56284,0.56858,0.57186,0.58368,0.59380,0.60239,0.60028,0.59060,0.58825,0.57616,0.56635,0.57899,0.58368,0.60098,0.58469,0.58372,0.59049,0.57752,0.57801
RON,0.21956,0.21714,0.21883,0.21583,0.21747,0.21644,0.21844,0.22161,0.22355,0.21931,0.21378,0.21081,0.20821,0.20943,0.21696,0.22598,0.22297,0.22865,0.23073,0.23021,0.23148,0.22915,0.22752,0.23035,0.23065,0.23240,0.22715,0.22959,0.22381,0.21977,0.21843
SEK,0.09669,0.09596,0.09608,0.09248,0.09300,0.09525,0.09410,0.09618,0.09787,0.09556,0.09180,0.09104,0.09019,0.09251,0.09837,0.10243,0.10359,0.10461,0.10435,0.10449,0.10668,0.10608,0.10526,0.10772,0.10983,0.11131,0.10739,0.10783,0.10756,0.10506,0.10344
SGD,0.74902,0.74380,0.74576,0.73693,0.74030,0.73949,0.74305,0.76020,0.77185,0.76342,0.74863,0.74072,0.73434,0.74275,0.74828,0.75601,0.77272,0.77928,0.78089,0.77843,0.77838,0.77217,0.76821,0.77492,0.78098,0.78964,0.78150,0.78347,0.78429,0.77627,0.77454
THB,0.02845,0.02790,0.02782,0.02721,0.02732,0.02724,0.02760,0.02882,0.03008,0.02999,0.02908,0.02930,0.02920,0.02963,0.02958,0.02967,0.03037,0.03069,0.03086,0.03087,0.03128,0.03072,0.03092,0.03173,0.03197,0.03203,0.03102,0.03100,0.03080,0.03042,0.02988
TRY,0.03322,0.03245,0.03119,0.03088,0.03097,0.03065,0.03037,0.02967,0.02935,0.02918,0.02901,0.02855,0.02813,0.02762,0.02691,0.02618,0.02574,0.02532,0.02484,0.02447,0.02418,0.02390,0.02364,0.02342,0.02314,0.02288,0.02262,0.02233,0.02196,0.02160,0.02124
TWD,0.03208,0.03182,0.03157,0.03092,0.03096,0.03088,0.03065,0.03103,0.03131,0.03116,0.03092,0.03071,0.03043,0.03050,0.03033,0.03063,0.03311,0.03378,0.03413,0.03319,0.03293,0.03266,0.03216,0.03189,0.03175,0.03178,0.03138,0.03158,0.03176,0.03162,0.03106
UGX,0.00026,0.00026,0.00026,0.00026,0.00026,0.00027,0.00027,0.00027,0.00027,0.00027,0.00027,0.00027,0.00027,0.00027,0.00027,0.00027,0.00027,0.00028,0.00028,0.00028,0.00028,0.00029,0.00028,0.00028,0.00028,0.00028,0.00027,0.00027,0.00026,0.00027,0.00027
USD,1.00000,1.00000,1.00000,1.00000,1.00000,1.00000,1.00000,1.00000,1.00000,1.00000,1.00000,1.00000,1.00000,1.00000,1.00000,1.00000,1.00000,1.00000,1.00000,1.00000,1.00000,1.00000,1.00000,1.00000,1.00000,1.00000,1.00000,1.00000,1.00000,1.00000,1.00000
VND,0.00004,0.00004,0.00004,0.00004,0.00004,0.00004,0.00004,0.00004,0.00004,0.00004,0.00004,0.00004,0.00004,0.00004,0.00004,0.00004,0.00004,0.00004,0.00004,0.00004,0.00004,0.00004,0.00004,0.00004,0.00004,0.00004,0.00004,0.00004,0.00004,0.00004,0.00004
ZAR,0.05329,0.05263,0.05303,0.05301,0.05436,0.05434,0.05489,0.05548,0.05687,0.05696,0.05583,0.05493,0.05343,0.05415,0.05468,0.05293,0.05525,0.05602,0.05634,0.05651,0.05738,0.05785,0.05806,0.05945,0.06138,0.06252,0.05975,0.06040,0.06070,0.06100,0.06078
ARS,0.00122,0.00120,0.00117,0.00115,0.00113,0.00111,0.00108,0.00106,0.00104,0.00102,0.00100,0.00098,0.00097,0.00095,0.00093,0.00092,0.00087,0.00083,0.00080,0.00078,0.00077,0.00076,0.00075,0.00074,0.00072,0.00071,0.00070,0.00069,0.00069,0.00068,0.00067
MXN,0.05910,0.05813,0.05888,0.05973,0.05742,0.05722,0.05920,0.05802,0.05634,0.05735,0.05594,0.05574,0.05639,0.05360,0.05363,0.05483,,0.05548,0.05381,0.05301,0.05626,0.05403,0.05418,0.05219,0.05305,0.05363,0.05192,0.05355,0.05218,0.05235,0.05178